Product_Category,Advertised_On_Medirite,Example_Product
Health & Wellness,Yes,Vitamins
Beauty & Skincare,Yes,CeraVe Cream
Beauty & Skincare,Yes,Nuyu
Baby Products,Yes,Baby Lotion
Prescription Medication,Yes,Chronic Meds via PrepMyScript
Specialised Healthcare,Yes,Wheelchair
Beauty & Skincare,Yes,LA ROCHE POSAY
Health & Wellness,Yes,Anticeptic Liquid
Hair Care,Yes,Shampoo
Hair Care,Yes,Conditioner
Hair Care,Yes,Hair Oil
Hair Care,Yes,Hair Serum
Hair Care,Yes,Holding Gel
Hair Care,Yes,Hair Spray
Hair Care,Yes,Styling Mousse
Health & Wellness,Yes,Eye Care
Health & Wellness,Yes,Citro-Soda
Health & Wellness,Yes,Dynadol Tablets
Health & Wellness,Yes,Zinc Syrup
Health & Wellness,Yes, Magnesium Fizzy Tablets